Price,Adj Close,Adj Close,Close,Close,High,High,Low,Low,Open,Open,Volume,Volume
Ticker,IYF,UYG,IYF,UYG,IYF,UYG,IYF,UYG,IYF,UYG,IYF,UYG
Date,,,,,,,,,,,,
2008-08-01 00:00:00+00:00,27.486173629760742,31.135263442993164,36.3849983215332,36.75,36.55500030517578,37.08333206176758,35.334999084472656,34.650001525878906,36.34000015258789,36.66666793823242,16441800,35034420
2008-08-04 00:00:00+00:00,27.142459869384766,30.288036346435547,35.93000030517578,35.75,36.42499923706055,36.79999923706055,35.3849983215332,34.68333435058594,35.939998626708984,35.849998474121094,9906000,30398340
2008-08-05 00:00:00+00:00,28.328474044799805,32.985015869140625,37.5,38.93333435058594,37.57500076293945,39.116668701171875,36.2599983215332,36.45000076293945,36.474998474121094,36.91666793823242,18055400,29743500
2008-08-06 00:00:00+00:00,28.158506393432617,32.73085403442383,37.275001525878906,38.633331298828125,37.525001525878906,38.983333587646484,36.720001220703125,37.31666564941406,37.05500030517578,37.95000076293945,12176200,31408200
2008-08-07 00:00:00+00:00,27.010257720947266,30.019756317138672,35.755001068115234,35.43333435058594,37.005001068115234,37.900001525878906,35.38999938964844,34.56666564941406,36.60499954223633,37.08333206176758,12474600,32333040
2008-08-08 00:00:00+00:00,27.78834342956543,31.657703399658203,36.78499984741211,37.366668701171875,37.154998779296875,38.04999923706055,35.435001373291016,34.66666793823242,35.45000076293945,34.70000076293945,12952400,30941220
2008-08-11 00:00:00+00:00,28.381345748901367,32.985015869140625,37.56999969482422,38.93333435058594,38.25,40.29999923706055,36.540000915527344,36.83333206176758,36.80500030517578,37.33333206176758,12655800,32747400
2008-08-12 00:00:00+00:00,27.146224975585938,30.4857120513916,35.935001373291016,35.983333587646484,37.099998474121094,37.983333587646484,35.599998474121094,34.849998474121094,37.064998626708984,37.93333435058594,10508400,32824020
2008-08-13 00:00:00+00:00,26.46634292602539,28.551252365112305,35.03499984741211,33.70000076293945,35.619998931884766,34.79999923706055,34.48500061035156,32.650001525878906,35.55500030517578,34.68333435058594,15017200,46849620
2008-08-14 00:00:00+00:00,27.040470123291016,29.807952880859375,35.79499816894531,35.18333435058594,36.04999923706055,35.68333435058594,34.689998626708984,33.08333206176758,34.77000045776367,33.25,15142600,35761440
2008-08-15 00:00:00+00:00,27.304868698120117,30.330413818359375,36.14500045776367,35.79999923706055,36.70000076293945,36.983333587646484,35.814998626708984,35.25,36.130001068115234,35.883331298828125,9135400,27957300
2008-08-18 00:00:00+00:00,26.49656105041504,28.593603134155273,35.07500076293945,33.75,36.064998626708984,35.650001525878906,34.915000915527344,33.43333435058594,36.064998626708984,35.54999923706055,10117200,28033620
2008-08-19 00:00:00+00:00,25.794017791748047,27.153335571289062,34.14500045776367,32.04999923706055,34.689998626708984,33.016666412353516,33.77000045776367,31.25,34.560001373291016,32.70000076293945,15586000,31715100
2008-08-20 00:00:00+00:00,26.081087112426758,27.64754867553711,34.525001525878906,32.633331298828125,34.54999923706055,32.70000076293945,33.54499816894531,30.833332061767578,34.11000061035156,31.883333206176758,18420800,39952080
2008-08-21 00:00:00+00:00,25.80156898498535,27.054492950439453,34.154998779296875,31.933332443237305,34.39500045776367,32.400001525878906,33.66999816894531,31.016666412353516,33.7599983215332,31.233333587646484,11566600,28639440
2008-08-22 00:00:00+00:00,26.507898330688477,28.551252365112305,35.09000015258789,33.70000076293945,35.1150016784668,33.75,34.45000076293945,32.5,34.845001220703125,33.28333282470703,11580200,29772840
2008-08-25 00:00:00+00:00,25.827999114990234,27.068622589111328,34.189998626708984,31.950000762939453,34.79999923706055,33.16666793823242,34.10499954223633,31.799999237060547,34.72999954223633,33.04999923706055,8508800,23064060
2008-08-26 00:00:00+00:00,25.937549591064453,27.181577682495117,34.334999084472656,32.08333206176758,34.584999084472656,32.71666717529297,33.79499816894531,31.200000762939453,34.189998626708984,31.816667556762695,8670800,24046800
2008-08-27 00:00:00+00:00,26.360580444335938,28.099393844604492,34.89500045776367,33.16666793823242,34.95500183105469,33.400001525878906,34.14500045776367,31.850000381469727,34.36000061035156,32.25,7113600,20936580
2008-08-28 00:00:00+00:00,27.39173698425293,30.203317642211914,36.2599983215332,35.650001525878906,36.29999923706055,35.91666793823242,35.16999816894531,33.78333282470703,35.334999084472656,34.133331298828125,9541600,25735440
2008-08-29 00:00:00+00:00,27.316192626953125,29.694990158081055,36.15999984741211,35.04999923706055,36.48500061035156,36.31666564941406,35.79999923706055,34.900001525878906,35.8650016784668,35.0,9416600,22889760
2008-09-02 00:00:00+00:00,27.743009567260742,31.00817108154297,36.724998474121094,36.599998474121094,37.380001068115234,38.06666564941406,36.14500045776367,35.616668701171875,37.165000915527344,37.54999923706055,11891200,32852400
2008-09-03 00:00:00+00:00,28.139619827270508,32.10955810546875,37.25,37.900001525878906,37.255001068115234,37.900001525878906,36.279998779296875,35.883331298828125,36.54999923706055,36.400001525878906,17666600,33354180
2008-09-04 00:00:00+00:00,26.949817657470703,29.384347915649414,35.67499923706055,34.68333435058594,37.064998626708984,37.43333435058594,35.61000061035156,34.483333587646484,36.834999084472656,36.91666793823242,14083200,35853540
2008-09-05 00:00:00+00:00,27.675031661987305,30.965808868408203,36.6349983215332,36.54999923706055,36.70000076293945,36.616668701171875,35.02000045776367,33.33333206176758,35.064998626708984,33.400001525878906,22067200,47284380
2008-09-08 00:00:00+00:00,28.86481475830078,33.352149963378906,38.209999084472656,39.366668701171875,39.26499938964844,41.71666717529297,36.94499969482422,36.91666793823242,39.15999984741211,41.616668701171875,30975800,79908180
2008-09-09 00:00:00+00:00,27.187776565551758,29.765583038330078,35.9900016784668,35.133331298828125,38.275001525878906,39.75,35.98500061035156,35.0,37.53499984741211,38.150001525878906,23806600,58832400
2008-09-10 00:00:00+00:00,27.085796356201172,29.172548294067383,35.85499954223633,34.43333435058594,36.619998931884766,36.21666717529297,35.1349983215332,33.29999923706055,36.42499923706055,35.883331298828125,17367400,48294180
2008-09-11 00:00:00+00:00,27.501285552978516,30.358631134033203,36.404998779296875,35.83333206176758,36.439998626708984,35.83333206176758,34.505001068115234,32.099998474121094,34.755001068115234,32.58333206176758,25990000,56212020
2008-09-12 00:00:00+00:00,27.33509635925293,29.963272094726562,36.185001373291016,35.366668701171875,36.67499923706055,36.31666564941406,35.52000045776367,34.06666564941406,35.79999923706055,34.383331298828125,19852200,51279720
2008-09-15 00:00:00+00:00,25.13679313659668,25.007051467895508,33.275001525878906,29.516666412353516,35.5,34.016666412353516,33.20000076293945,29.5,34.2599983215332,31.649999618530273,37073000,81320820
2008-09-16 00:00:00+00:00,26.285032272338867,27.704021453857422,34.79499816894531,32.70000076293945,34.85499954223633,32.766666412353516,31.774999618530273,26.950000762939453,31.90999984741211,27.183332443237305,50468000,97086000
2008-09-17 00:00:00+00:00,24.249170303344727,23.524425506591797,32.099998474121094,27.766666412353516,34.1349983215332,31.133333206176758,31.7450008392334,26.700000762939453,33.93000030517578,30.766666412353516,47410600,116092020
2008-09-18 00:00:00+00:00,26.31148338317871,26.503799438476562,34.83000183105469,31.28333282470703,35.314998626708984,32.983333587646484,30.229999542236328,24.166667938232422,32.939998626708984,28.75,59441400,159967140
2008-09-19 00:00:00+00:00,28.706192016601562,31.00817108154297,38.0,36.599998474121094,47.0,41.46666717529297,37.22999954223633,34.16666793823242,39.415000915527344,39.66666793823242,9432600,65268600
2008-09-22 00:00:00+00:00,26.97248649597168,28.00055694580078,35.70500183105469,33.04999923706055,38.380001068115234,37.41666793823242,35.599998474121094,32.54999923706055,38.334999084472656,37.400001525878906,5297800,38428980
2008-09-23 00:00:00+00:00,26.632539749145508,27.238054275512695,35.255001068115234,32.150001525878906,36.125,33.70000076293945,34.775001525878906,31.25,35.380001068115234,32.58333206176758,6810600,43607520
2008-09-24 00:00:00+00:00,26.377826690673828,26.626331329345703,34.63999938964844,31.266666412353516,35.599998474121094,33.133331298828125,34.334999084472656,30.299999237060547,35.47999954223633,33.0,4162800,35755020
2008-09-25 00:00:00+00:00,26.907060623168945,27.563079833984375,35.334999084472656,32.366668701171875,35.83000183105469,33.45000076293945,34.654998779296875,31.383333206176758,34.994998931884766,31.833332061767578,6254800,49818420
2008-09-26 00:00:00+00:00,27.4971923828125,28.75530242919922,36.11000061035156,33.766666412353516,36.150001525878906,34.25,33.959999084472656,30.200000762939453,34.14500045776367,30.700000762939453,6295400,49564080
2008-09-29 00:00:00+00:00,24.988101959228516,23.04965591430664,32.814998626708984,27.066667556762695,35.375,32.383331298828125,31.795000076293945,25.916667938232422,35.18000030517578,31.950000762939453,10083000,75442140
2008-09-30 00:00:00+00:00,26.438737869262695,24.894771575927734,34.720001220703125,29.233333587646484,34.720001220703125,29.883333206176758,32.279998779296875,26.53333282470703,32.709999084472656,28.133333206176758,8247600,47945340
2008-10-01 00:00:00+00:00,26.724292755126953,26.526979446411133,35.095001220703125,31.149999618530273,35.19499969482422,31.333332061767578,33.654998779296875,28.733333587646484,34.130001068115234,29.21666717529297,10044000,50152500
2008-10-02 00:00:00+00:00,25.604915618896484,24.48316764831543,33.625,28.75,35.11000061035156,31.28333282470703,33.505001068115234,28.333332061767578,34.9900016784668,30.899999618530273,8818400,42481140
2008-10-03 00:00:00+00:00,24.588327407836914,22.6380558013916,32.290000915527344,26.583332061767578,35.02000045776367,31.016666412353516,32.28499984741211,26.350000381469727,34.599998474121094,30.200000762939453,8826000,72789840
2008-10-06 00:00:00+00:00,24.06290054321289,20.892309188842773,31.600000381469727,24.53333282470703,31.625,25.133333206176758,29.604999542236328,21.933332443237305,31.040000915527344,24.433332443237305,10901400,79152240
2008-10-07 00:00:00+00:00,21.454822540283203,16.83306312561035,28.174999237060547,19.766666412353516,31.270000457763672,24.899999618530273,28.06999969482422,19.583332061767578,31.184999465942383,24.866666793823242,9394000,98201520
2008-10-08 00:00:00+00:00,20.60196304321289,15.257625579833984,27.05500030517578,17.916667938232422,28.844999313354492,20.566667556762695,26.579999923706055,17.666667938232422,26.7549991607666,17.899999618530273,14175200,104109420
2008-10-09 00:00:00+00:00,18.458385467529297,11.936429977416992,24.239999771118164,14.016667366027832,28.125,19.75,24.0,13.883333206176758,27.959999084472656,19.399999618530273,24920200,110709720
2008-10-10 00:00:00+00:00,19.631071090698242,13.455100059509277,25.780000686645508,15.800000190734863,25.825000762939453,16.383333206176758,22.485000610351562,12.183333396911621,23.264999389648438,13.199999809265137,41537000,202575180
2008-10-13 00:00:00+00:00,21.530967712402344,15.4705171585083,28.274999618530273,18.166667938232422,28.389999389648438,18.933332443237305,25.985000610351562,16.25,27.559999465942383,18.333332061767578,15481600,90212880
2008-10-14 00:00:00+00:00,22.357187271118164,17.1169376373291,29.360000610351562,20.100000381469727,30.825000762939453,21.666667938232422,28.395000457763672,19.183332443237305,30.18000030517578,20.71666717529297,20770600,121795800
2008-10-15 00:00:00+00:00,20.240257263183594,14.306685447692871,26.579999923706055,16.799999237060547,28.7450008392334,19.633333206176758,26.540000915527344,16.583332061767578,28.454999923706055,18.883333206176758,16348200,70493940
2008-10-16 00:00:00+00:00,20.830413818359375,14.491194725036621,27.354999542236328,17.016666412353516,27.40999984741211,17.633333206176758,25.040000915527344,14.666666984558105,27.165000915527344,17.450000762939453,24589000,110292000
2008-10-17 00:00:00+00:00,20.350671768188477,14.661517143249512,26.725000381469727,17.21666717529297,28.1200008392334,18.583332061767578,26.31999969482422,16.266666412353516,26.514999389648438,16.600000381469727,22780800,70248000
2008-10-20 00:00:00+00:00,20.8951416015625,14.959565162658691,27.440000534057617,17.566667556762695,27.475000381469727,17.816667556762695,26.290000915527344,16.25,27.1200008392334,17.483333587646484,16222400,43613880
2008-10-21 00:00:00+00:00,20.522010803222656,14.70409107208252,26.950000762939453,17.266666412353516,27.81999969482422,18.149999618530273,26.864999771118164,16.916667938232422,27.065000534057617,16.96666717529297,15030400,39492780
2008-10-22 00:00:00+00:00,19.292205810546875,12.759631156921387,25.334999084472656,14.983332633972168,26.600000381469727,16.600000381469727,24.46500015258789,13.899999618530273,26.350000381469727,16.299999237060547,15218600,63305340
2008-10-23 00:00:00+00:00,18.99522590637207,12.262872695922852,24.94499969482422,14.399999618530273,25.530000686645508,15.199999809265137,23.424999237060547,12.766667366027832,25.290000915527344,14.933333396911621,27455800,72996420
2008-10-24 00:00:00+00:00,18.241365432739258,11.709339141845703,23.954999923706055,13.75,24.6200008392334,14.166666984558105,22.674999237060547,11.666666984558105,22.68000030517578,11.983332633972168,28293800,71456040
2008-10-27 00:00:00+00:00,17.4760684967041,10.772591590881348,22.950000762939453,12.649999618530273,24.53499984741211,14.033332824707031,22.950000762939453,12.333333015441895,23.875,13.316666603088379,20173800,45245040
2008-10-28 00:00:00+00:00,19.615842819213867,12.61769962310791,25.760000228881836,14.816666603088379,25.760000228881836,15.333333015441895,22.4950008392334,11.75,24.040000915527344,13.416666984558105,19297000,75499140
2008-10-29 00:00:00+00:00,19.094215393066406,12.48996353149414,25.075000762939453,14.666666984558105,26.68000030517578,16.333332061767578,25.040000915527344,14.416666984558105,25.524999618530273,15.0,19926400,86516880
2008-10-30 00:00:00+00:00,19.57015609741211,12.95833683013916,25.700000762939453,15.216667175292969,26.135000228881836,15.800000190734863,25.155000686645508,14.583333015441895,25.979999542236328,15.600000381469727,19354800,47250420
2008-10-31 00:00:00+00:00,20.51058006286621,14.107979774475098,26.934999465942383,16.566667556762695,26.975000381469727,16.666667938232422,25.389999389648438,14.816666603088379,25.399999618530273,14.866666793823242,19334400,50387220
2008-11-03 00:00:00+00:00,20.54486083984375,14.533777236938477,26.979999542236328,17.066667556762695,27.165000915527344,17.066667556762695,26.670000076293945,16.350000381469727,26.829999923706055,16.549999237060547,10185600,30279240
2008-11-04 00:00:00+00:00,21.57286262512207,15.527300834655762,28.329999923706055,18.233333587646484,28.440000534057617,18.46666717529297,27.309999465942383,17.166667938232422,27.40999984741211,17.25,13317800,42455100
2008-11-05 00:00:00+00:00,19.82905387878418,13.298971176147461,26.040000915527344,15.616666793823242,28.065000534057617,18.066667556762695,25.8799991607666,15.216667175292969,27.899999618530273,17.883333206176758,14456600,47215800
2008-11-06 00:00:00+00:00,18.572603225708008,11.368709564208984,24.389999389648438,13.350000381469727,26.075000762939453,15.466667175292969,24.280000686645508,13.350000381469727,25.639999389648438,15.016667366027832,21123000,67494000
2008-11-07 00:00:00+00:00,19.071378707885742,12.106749534606934,25.045000076293945,14.216667175292969,25.06999969482422,14.233332633972168,24.125,13.216667175292969,24.704999923706055,13.833333015441895,18920200,58392540
2008-11-10 00:00:00+00:00,18.25278091430664,10.942912101745605,23.969999313354492,12.850000381469727,25.524999618530273,14.733332633972168,23.59000015258789,12.566666603088379,25.30500030517578,14.516667366027832,19602000,49581540
2008-11-11 00:00:00+00:00,17.891075134277344,10.474535942077637,23.4950008392334,12.300000190734863,24.049999237060547,13.100000381469727,22.915000915527344,11.850000381469727,23.56999969482422,12.633333206176758,19410400,65202240
2008-11-12 00:00:00+00:00,16.78691291809082,9.253929138183594,22.045000076293945,10.866666793823242,23.309999465942383,12.316666603088379,21.93000030517578,10.850000381469727,23.0,11.983332633972168,19839400,67170000
2008-11-13 00:00:00+00:00,18.005306243896484,10.644854545593262,23.645000457763672,12.5,23.71500015258789,12.5,20.71500015258789,9.600000381469727,22.260000228881836,11.116666793823242,35187400,101737980
2008-11-14 00:00:00+00:00,17.011564254760742,9.509400367736816,22.34000015258789,11.166666984558105,23.684999465942383,12.550000190734863,22.204999923706055,11.016667366027832,23.09000015258789,11.933333396911621,23934000,86952540
2008-11-17 00:00:00+00:00,16.211999893188477,8.586848258972168,21.290000915527344,10.083333015441895,22.290000915527344,11.100000381469727,21.145000457763672,9.949999809265137,22.05500030517578,10.866666793823242,20356600,72089640
2008-11-18 00:00:00+00:00,16.02924919128418,8.416531562805176,21.049999237060547,9.883333206176758,21.485000610351562,10.25,20.094999313354492,8.916666984558105,21.280000686645508,10.066666603088379,27994400,87065580
2008-11-19 00:00:00+00:00,14.338752746582031,6.57142448425293,18.829999923706055,7.716667175292969,20.940000534057617,9.733332633972168,18.690000534057617,7.6666669845581055,20.854999542236328,9.600000381469727,23759000,119041500
2008-11-20 00:00:00+00:00,12.983308792114258,5.308235168457031,17.049999237060547,6.233333110809326,18.975000381469727,7.883333206176758,16.71500015258789,6.033332824707031,18.4950008392334,7.483333110809326,32500800,174149340
2008-11-21 00:00:00+00:00,13.451624870300293,5.648868560791016,17.665000915527344,6.633333206176758,17.7549991607666,6.8333330154418945,15.829999923706055,5.366666793823242,17.704999923706055,6.733333110809326,38488800,179127420
2008-11-24 00:00:00+00:00,15.328680992126465,7.1817307472229,20.1299991607666,8.433333396911621,20.6200008392334,8.916666984558105,18.125,7.033332824707031,18.450000762939453,7.283332824707031,31169600,128124300
2008-11-25 00:00:00+00:00,15.972132682800293,7.877196788787842,20.975000381469727,9.25,21.264999389648438,9.449999809265137,20.010000228881836,8.399999618530273,20.725000381469727,9.033332824707031,30410600,151500840
2008-11-26 00:00:00+00:00,16.733617782592773,8.55846881866455,21.975000381469727,10.050000190734863,22.020000457763672,10.133333206176758,20.350000381469727,8.666666984558105,20.489999771118164,8.800000190734863,18534400,82746420
2008-11-28 00:00:00+00:00,17.12578582763672,8.94167709350586,22.489999771118164,10.5,22.59000015258789,10.583333015441895,21.764999389648438,9.899999618530273,21.969999313354492,10.050000190734863,5322200,29385300
2008-12-01 00:00:00+00:00,14.437738418579102,6.159822940826416,18.959999084472656,7.233333110809326,21.639999389648438,9.766667366027832,18.80500030517578,7.116666793823242,21.639999389648438,9.75,17997200,87156120
2008-12-02 00:00:00+00:00,15.488591194152832,7.039797306060791,20.34000015258789,8.266667366027832,20.459999084472656,8.366666793823242,18.7450008392334,7.0833330154418945,19.44499969482422,7.599999904632568,26994600,103389240
2008-12-03 00:00:00+00:00,16.272924423217773,7.763650417327881,21.3700008392334,9.116666793823242,21.56999969482422,9.283332824707031,19.40999984741211,7.566667079925537,19.514999389648438,7.633333206176758,23894400,141732720
2008-12-04 00:00:00+00:00,16.02924919128418,7.52236270904541,21.049999237060547,8.833333015441895,22.204999923706055,9.833333015441895,20.614999771118164,8.466667175292969,20.850000381469727,8.666666984558105,24795200,104136060
2008-12-05 00:00:00+00:00,17.327579498291016,8.672009468078613,22.7549991607666,10.183333396911621,22.799999237060547,10.266667366027832,20.545000076293945,8.416666984558105,20.594999313354492,8.483332633972168,32469200,128530020
2008-12-08 00:00:00+00:00,18.321317672729492,9.736495971679688,24.059999465942383,11.433333396911621,24.2549991607666,11.583333015441895,23.28499984741211,10.75,23.594999313354492,11.050000190734863,26602400,119837940
2008-12-09 00:00:00+00:00,17.506526947021484,8.884908676147461,22.989999771118164,10.433333396911621,24.209999084472656,11.583333015441895,22.844999313354492,10.300000190734863,23.604999542236328,10.983332633972168,28730800,98808720
2008-12-10 00:00:00+00:00,17.457035064697266,8.813942909240723,22.924999237060547,10.350000381469727,23.299999237060547,10.716667175292969,22.28499984741211,9.783332824707031,23.174999237060547,10.583333015441895,20649400,96628020
2008-12-11 00:00:00+00:00,16.14728355407715,7.479781627655029,21.204999923706055,8.783332824707031,22.700000762939453,10.166666984558105,21.024999618530273,8.633333206176758,22.514999389648438,10.0,15903400,81843720
2008-12-12 00:00:00+00:00,16.524213790893555,7.877196788787842,21.700000762939453,9.25,21.719999313354492,9.25,20.19499969482422,7.933332920074463,20.290000915527344,7.983333110809326,18465600,100575120
2008-12-15 00:00:00+00:00,15.91883373260498,7.309467315673828,20.905000686645508,8.583333015441895,21.674999237060547,9.199999809265137,20.549999237060547,8.233332633972168,21.655000686645508,9.166666984558105,13644600,63979980
2008-12-16 00:00:00+00:00,17.536985397338867,8.728779792785645,23.030000686645508,10.25,23.114999771118164,10.283332824707031,21.21500015258789,8.783332824707031,21.235000610351562,10.25,18934800,101972880
2008-12-17 00:00:00+00:00,17.43037223815918,8.643624305725098,22.889999389648438,10.149999618530273,23.514999389648438,10.683333396911621,22.450000762939453,9.75,22.645000457763672,9.949999809265137,16294800,94453440
2008-12-18 00:00:00+00:00,16.973487854003906,8.161056518554688,22.290000915527344,9.583333015441895,23.28499984741211,10.483332633972168,22.040000915527344,9.350000381469727,23.114999771118164,10.333333015441895,14832800,73267440
2008-12-19 00:00:00+00:00,17.034412384033203,8.232023239135742,22.3700008392334,9.666666984558105,22.815000534057617,10.050000190734863,21.9950008392334,9.333333015441895,22.325000762939453,9.633333206176758,9272200,51716100
2008-12-22 00:00:00+00:00,16.478527069091797,7.692685604095459,21.639999389648438,9.033332824707031,22.459999084472656,9.75,21.299999237060547,8.733332633972168,22.354999542236328,9.616666793823242,7985400,44377860
2008-12-23 00:00:00+00:00,16.21800422668457,7.3718581199646,21.010000228881836,8.616666793823242,21.639999389648438,9.233332633972168,20.985000610351562,8.616666793823242,21.565000534057617,9.149999618530273,7913200,35058240
2008-12-24 00:00:00+00:00,16.449581146240234,7.642776012420654,21.309999465942383,8.933333396911621,21.31999969482422,8.949999809265137,20.875,8.583333015441895,21.09000015258789,8.75,1618800,15329880
2008-12-26 00:00:00+00:00,16.5190486907959,7.685555458068848,21.399999618530273,8.983332633972168,21.524999618530273,9.199999809265137,21.100000381469727,8.766667366027832,21.524999618530273,9.133333206176758,2106600,11485200
2008-12-29 00:00:00+00:00,16.287471771240234,7.485926151275635,21.100000381469727,8.75,21.43000030517578,9.066666603088379,20.78499984741211,8.516667366027832,21.43000030517578,9.050000190734863,4633000,22583100
2008-12-30 00:00:00+00:00,16.935888290405273,8.027766227722168,21.940000534057617,9.383333206176758,21.959999084472656,9.399999618530273,21.15999984741211,8.800000190734863,21.239999771118164,8.866666793823242,4602000,25251900
2008-12-31 00:00:00+00:00,17.46464729309082,8.598127365112305,22.625,10.050000190734863,22.7450008392334,10.100000381469727,21.815000534057617,9.333333015441895,21.90999984741211,9.449999809265137,6289200,36316380
2009-01-02 00:00:00+00:00,17.568866729736328,8.669416427612305,22.760000228881836,10.133333206176758,22.979999542236328,10.333333015441895,22.059999465942383,9.566666603088379,22.56999969482422,10.0,7117800,39634680
2009-01-05 00:00:00+00:00,17.24465560913086,8.355722427368164,22.34000015258789,9.766667366027832,22.825000762939453,10.233332633972168,22.21500015258789,9.683333396911621,22.6200008392334,10.083333015441895,8196200,59103420
2009-01-06 00:00:00+00:00,17.55341911315918,8.683679580688477,22.739999771118164,10.149999618530273,23.0049991607666,10.383333206176758,22.440000534057617,9.883333206176758,22.6200008392334,10.050000190734863,11056600,51599580
2009-01-07 00:00:00+00:00,16.75448226928711,7.942210674285889,21.704999923706055,9.283332824707031,22.415000915527344,9.866666793823242,21.649999618530273,9.183333396911621,22.299999237060547,9.75,8753200,47629200
2009-01-08 00:00:00+00:00,16.746767044067383,7.870920181274414,21.69499969482422,9.199999809265137,21.899999618530273,9.399999618530273,21.3799991607666,8.949999809265137,21.565000534057617,9.100000381469727,11649400,38285580
2009-01-09 00:00:00+00:00,16.214143753051758,7.400373458862305,21.0049991607666,8.649999618530273,21.860000610351562,9.350000381469727,20.90999984741211,8.550000190734863,21.780000686645508,9.300000190734863,10305400,38066880
2009-01-12 00:00:00+00:00,15.399764060974121,6.715945243835449,19.950000762939453,7.849999904632568,20.90999984741211,8.550000190734863,19.65999984741211,7.516666889190674,20.885000228881836,8.533332824707031,8682800,55298160
2009-01-13 00:00:00+00:00,15.56572437286377,6.815759181976318,20.165000915527344,7.966667175292969,20.405000686645508,8.116666793823242,19.4950008392334,7.4166669845581055,19.645000457763672,7.533332824707031,17554600,57864300
2009-01-14 00:00:00+00:00,14.755210876464844,6.102814197540283,19.114999771118164,7.133333206176758,19.65999984741211,7.533332824707031,19.014999389648438,7.033332824707031,19.655000686645508,7.533332824707031,17168600,63824520
2009-01-15 00:00:00+00:00,14.272769927978516,5.660788059234619,18.489999771118164,6.616666793823242,19.184999465942383,7.150000095367432,17.735000610351562,6.066667079925537,19.094999313354492,7.099999904632568,27011400,107155200
2009-01-16 00:00:00+00:00,14.010318756103516,5.475422382354736,18.149999618530273,6.400000095367432,19.18000030517578,7.150000095367432,17.364999771118164,5.8333330154418945,19.06999969482422,7.066667079925537,31623400,94472520
2009-01-20 00:00:00+00:00,12.05736255645752,3.892683506011963,15.619999885559082,4.550000190734863,17.520000457763672,5.949999809265137,15.545000076293945,4.550000190734863,17.46500015258789,5.900000095367432,28286200,152817720
2009-01-21 00:00:00+00:00,13.44681453704834,4.805253505706787,17.420000076293945,5.616666793823242,17.450000762939453,5.650000095367432,15.720000267028809,4.650000095367432,16.174999237060547,4.933332920074463,40567600,126142440
2009-01-22 00:00:00+00:00,12.705772399902344,4.3061909675598145,16.459999084472656,5.033332824707031,17.239999771118164,5.533332824707031,16.059999465942383,4.766666889190674,16.700000762939453,5.1666669845581055,52990600,162383160
2009-01-23 00:00:00+00:00,13.068581581115723,4.534335613250732,16.93000030517578,5.300000190734863,17.05500030517578,5.383333206176758,15.6850004196167,4.550000190734863,15.765000343322754,4.599999904632568,42246600,106610340
2009-01-26 00:00:00+00:00,12.867877960205078,4.3347086906433105,16.670000076293945,5.066667079925537,17.565000534057617,5.716667175292969,16.405000686645508,4.983333110809326,17.145000457763672,5.466667175292969,24781200,95119200
2009-01-27 00:00:00+00:00,13.2229585647583,4.691180229187012,17.1299991607666,5.483333110809326,17.209999084472656,5.483333110809326,16.670000076293945,5.150000095367432,16.934999465942383,5.300000190734863,12858200,78289620
2009-01-28 00:00:00+00:00,14.681880950927734,5.646528244018555,19.020000457763672,6.599999904632568,19.1200008392334,6.6666669845581055,18.145000457763672,6.0833330154418945,18.2549991607666,6.150000095367432,20809000,136375980
2009-01-29 00:00:00+00:00,13.624361038208008,4.84802770614624,17.649999618530273,5.6666669845581055,18.520000457763672,6.283332824707031,17.575000762939453,5.616666793823242,18.415000915527344,6.183332920074463,15860400,89676840
2009-01-30 00:00:00+00:00,13.30787181854248,4.619889259338379,17.239999771118164,5.400000095367432,18.014999389648438,5.900000095367432,16.940000534057617,5.216667175292969,17.8700008392334,5.800000190734863,20711600,107884800
2009-02-02 00:00:00+00:00,13.327168464660645,4.648404598236084,17.264999389648438,5.433332920074463,17.360000610351562,5.466667175292969,16.6299991607666,5.016666889190674,16.7450008392334,5.0833330154418945,21722400,82890720
2009-02-03 00:00:00+00:00,13.080156326293945,4.420261859893799,16.94499969482422,5.1666669845581055,17.510000228881836,5.5833330154418945,16.684999465942383,5.050000190734863,17.4950008392334,5.550000190734863,21364600,92738640
2009-02-04 00:00:00+00:00,12.956650733947754,4.3917436599731445,16.78499984741211,5.133333206176758,17.434999465942383,5.516666889190674,16.69499969482422,5.066667079925537,17.06999969482422,5.300000190734863,23453600,75872460
2009-02-05 00:00:00+00:00,13.184367179870605,4.5485944747924805,17.079999923706055,5.316667079925537,17.440000534057617,5.533332824707031,16.184999465942383,4.75,16.614999771118164,5.033332824707031,29110400,129127680
2009-02-06 00:00:00+00:00,14.072071075439453,5.118948936462402,18.229999542236328,5.983333110809326,18.364999771118164,6.116666793823242,17.360000610351562,5.466667175292969,17.459999084472656,5.550000190734863,24237200,98268000
2009-02-09 00:00:00+00:00,14.241888999938965,5.275796890258789,18.450000762939453,6.1666669845581055,18.655000686645508,6.300000190734863,18.084999084472656,5.9166669845581055,18.375,6.133333206176758,20336000,83667900
2009-02-10 00:00:00+00:00,12.91032886505127,4.291933536529541,16.725000381469727,5.016666889190674,18.360000610351562,6.099999904632568,16.584999084472656,4.933332920074463,18.204999923706055,6.016666889190674,32474800,181732740
2009-02-11 00:00:00+00:00,13.442956924438477,4.591370582580566,17.415000915527344,5.366666793823242,17.434999465942383,5.433332920074463,16.8700008392334,5.099999904632568,16.94499969482422,5.150000095367432,22229600,76918440
2009-02-12 00:00:00+00:00,13.358043670654297,4.591370582580566,17.30500030517578,5.366666793823242,17.350000381469727,5.366666793823242,16.31999969482422,4.75,16.954999923706055,5.150000095367432,29000600,111516180
2009-02-13 00:00:00+00:00,12.833138465881348,4.249156951904297,16.625,4.966667175292969,17.184999465942383,5.283332824707031,16.625,4.949999809265137,16.94499969482422,5.133333206176758,22284000,68379540
2009-02-17 00:00:00+00:00,11.802631378173828,3.5504679679870605,15.289999961853027,4.150000095367432,15.9399995803833,4.533332824707031,15.260000228881836,4.133333206176758,15.914999961853027,4.516666889190674,26710800,99105300
2009-02-18 00:00:00+00:00,11.74474048614502,3.4934327602386475,15.21500015258789,4.0833330154418945,15.619999885559082,4.3333330154418945,14.859999656677246,3.8833329677581787,15.600000381469727,4.316667079925537,30851400,73129020
2009-02-19 00:00:00+00:00,11.215972900390625,3.1797378063201904,14.529999732971191,3.7166669368743896,15.574999809265137,4.283332824707031,14.475000381469727,3.683332920074463,15.475000381469727,4.216667175292969,22384800,61870380
2009-02-20 00:00:00+00:00,11.154218673706055,3.136960029602051,14.449999809265137,3.6666669845581055,14.739999771118164,3.816667079925537,13.475000381469727,3.1666669845581055,13.9350004196167,3.4166669845581055,44542800,128961120
2009-02-23 00:00:00+00:00,10.77212142944336,2.8660404682159424,13.954999923706055,3.3499999046325684,14.920000076293945,3.9166669845581055,13.914999961853027,3.3499999046325684,14.850000381469727,3.8833329677581787,32615200,77332980
2009-02-24 00:00:00+00:00,11.794909477233887,3.4791746139526367,15.279999732971191,4.066667079925537,15.324999809265137,4.099999904632568,13.885000228881836,3.3833329677581787,14.024999618530273,3.4666669368743896,32035200,122763960
2009-02-25 00:00:00+00:00,11.737014770507812,3.4649150371551514,15.204999923706055,4.050000190734863,15.795000076293945,4.349999904632568,14.444999694824219,3.6166670322418213,15.109999656677246,3.9666669368743896,26509600,116325840
2009-02-26 00:00:00+00:00,11.845087051391602,3.507692337036133,15.345000267028809,4.099999904632568,16.049999237060547,4.483333110809326,15.15999984741211,4.0,15.680000305175781,4.300000190734863,24467000,108182940
2009-02-27 00:00:00+00:00,11.308602333068848,3.122701406478882,14.649999618530273,3.6500000953674316,15.135000228881836,4.0,14.40999984741211,3.5833330154418945,14.444999694824219,3.6166670322418213,22673200,80315820
2009-03-02 00:00:00+00:00,10.737383842468262,2.7804882526397705,13.90999984741211,3.25,14.25,3.516666889190674,13.5649995803833,3.183332920074463,14.079999923706055,3.4166669845581055,26694400,77888160
2009-03-03 00:00:00+00:00,10.382301330566406,2.6664159297943115,13.449999809265137,3.1166670322418213,14.0600004196167,3.4166669845581055,13.204999923706055,3.0,13.970000267028809,3.3833329677581787,23703400,77049720
2009-03-04 00:00:00+00:00,10.278095245361328,2.6093804836273193,13.3149995803833,3.049999952316284,13.854999542236328,3.316667079925537,13.015000343322754,2.9166669845581055,13.84000015258789,3.299999952316284,25690600,81678420
2009-03-05 00:00:00+00:00,9.436701774597168,2.167353868484497,12.225000381469727,2.5333330631256104,13.069999694824219,2.950000047683716,11.975000381469727,2.450000047683716,13.03499984741211,2.950000047683716,34292200,92805480
2009-03-06 00:00:00+00:00,9.301612854003906,2.138836145401001,12.050000190734863,2.5,12.579999923706055,2.700000047683716,11.574999809265137,2.2833330631256104,12.3100004196167,2.6166670322418213,33013200,103204740
2009-03-09 00:00:00+00:00,9.401961326599121,2.1530954837799072,12.180000305175781,2.516666889190674,12.5,2.6666669845581055,11.739999771118164,2.3499999046325684,11.800000190734863,2.4000000953674316,29279600,77154120
2009-03-10 00:00:00+00:00,10.55212116241455,2.6949334144592285,13.670000076293945,3.1500000953674316,13.78499984741211,3.200000047683716,12.699999809265137,2.75,12.75,2.7833330631256104,48429200,136378560
2009-03-11 00:00:00+00:00,10.81071949005127,2.8375227451324463,14.005000114440918,3.316667079925537,14.4399995803833,3.5,13.725000381469727,3.1666669845581055,14.085000038146973,3.3333330154418945,29012800,126130620
2009-03-12 00:00:00+00:00,11.76789665222168,3.350844144821167,15.244999885559082,3.9166669845581055,15.404999732971191,3.950000047683716,13.755000114440918,3.1666669845581055,13.9399995803833,3.266666889190674,27960000,101033460
2009-03-13 00:00:00+00:00,11.887542724609375,3.365102767944336,15.399999618530273,3.933332920074463,15.649999618530273,4.0833330154418945,14.795000076293945,3.6333329677581787,15.4399995803833,4.0,24250200,108168240
2009-03-16 00:00:00+00:00,11.6019287109375,3.2510323524475098,15.029999732971191,3.799999952316284,16.079999923706055,4.300000190734863,15.0,3.75,15.654999732971191,4.0833330154418945,24162800,100476180
2009-03-17 00:00:00+00:00,12.300518035888672,3.6360223293304443,15.9350004196167,4.25,16.0049991607666,4.25,14.774999618530273,3.6333329677581787,14.989999771118164,3.75,23350400,61392180
2009-03-18 00:00:00+00:00,13.342609405517578,4.234894275665283,17.28499984741211,4.949999809265137,17.354999542236328,4.949999809265137,15.625,4.050000190734863,15.6899995803833,4.099999904632568,44496800,123403440
2009-03-19 00:00:00+00:00,12.462617874145508,3.6360223293304443,16.145000457763672,4.25,17.729999542236328,5.199999809265137,16.094999313354492,4.25,17.684999465942383,5.183332920074463,32569000,116339520
2009-03-20 00:00:00+00:00,11.926139831542969,3.350844144821167,15.449999809265137,3.9166669845581055,16.1299991607666,4.266666889190674,15.364999771118164,3.8499999046325684,16.084999084472656,4.233333110809326,23737800,72335820
2009-03-23 00:00:00+00:00,13.794178009033203,4.19212007522583,17.8700008392334,4.900000095367432,17.895000457763672,4.966667175292969,16.225000381469727,4.300000190734863,16.610000610351562,4.5,37025600,108162240
2009-03-24 00:00:00+00:00,12.979806900024414,3.8879692554473877,16.815000534057617,4.516666889190674,17.8799991607666,5.099999904632568,16.7450008392334,4.483333110809326,17.114999771118164,4.6666669845581055,33267400,106389840
2009-03-25 00:00:00+00:00,13.36127758026123,4.103170871734619,17.145000457763672,4.766666889190674,17.489999771118164,4.949999809265137,16.059999465942383,4.1666669845581055,16.985000610351562,4.699999809265137,33989200,132514800
2009-03-26 00:00:00+00:00,13.575587272644043,4.1892499923706055,17.420000076293945,4.866666793823242,17.530000686645508,4.966667175292969,16.790000915527344,4.566667079925537,17.354999542236328,4.883333206176758,25259400,89304780
2009-03-27 00:00:00+00:00,13.209314346313477,3.9740488529205322,16.950000762939453,4.616666793823242,17.424999237060547,4.9166669845581055,16.8700008392334,4.599999904632568,16.969999313354492,4.650000095367432,15231800,65793960
2009-03-30 00:00:00+00:00,12.157244682312012,3.3571395874023438,15.600000381469727,3.9000000953674316,16.25,4.266666889190674,15.510000228881836,3.8499999046325684,16.065000534057617,4.150000095367432,16930600,75296640
2009-03-31 00:00:00+00:00,12.749523162841797,3.744502067565918,16.360000610351562,4.349999904632568,16.65999984741211,4.433332920074463,15.779999732971191,4.0,15.975000381469727,4.099999904632568,20639000,63957240
2009-04-01 00:00:00+00:00,13.053454399108887,3.859276294708252,16.75,4.483333110809326,16.875,4.550000190734863,15.984999656677246,4.0833330154418945,15.994999885559082,4.099999904632568,15738200,82908120
2009-04-02 00:00:00+00:00,13.450896263122559,4.088821887969971,17.260000228881836,4.75,17.594999313354492,4.949999809265137,17.079999923706055,4.6666669845581055,17.549999237060547,4.9166669845581055,23908600,99939240
2009-04-03 00:00:00+00:00,14.027587890625,4.433145523071289,18.0,5.150000095367432,18.014999389648438,5.1666669845581055,17.06999969482422,4.650000095367432,17.1299991607666,4.683332920074463,16685800,57379500
2009-04-06 00:00:00+00:00,13.715862274169922,4.232292175292969,17.600000381469727,4.9166669845581055,17.78499984741211,5.033332824707031,17.325000762939453,4.766666889190674,17.450000762939453,4.849999904632568,15957600,64251840
2009-04-07 00:00:00+00:00,13.263871192932129,3.9597034454345703,17.020000457763672,4.599999904632568,17.475000381469727,4.866666793823242,17.014999389648438,4.599999904632568,17.155000686645508,4.6666669845581055,13333000,44271120
2009-04-08 00:00:00+00:00,13.365171432495117,4.031435966491699,17.149999618530273,4.683332920074463,17.364999771118164,4.800000190734863,16.799999237060547,4.483333110809326,17.235000610351562,4.716667175292969,14236600,40999380
2009-04-09 00:00:00+00:00,15.180970191955566,4.992668628692627,19.479999542236328,5.800000190734863,19.489999771118164,5.883333206176758,18.184999465942383,5.233333110809326,18.264999389648438,5.283332824707031,27675000,103624500
2009-04-13 00:00:00+00:00,15.742074012756348,5.4804582595825195,20.200000762939453,6.366666793823242,20.40999984741211,6.5,18.954999923706055,5.616666793823242,19.06999969482422,5.6666669845581055,22646800,97328580
2009-04-14 00:00:00+00:00,14.70948314666748,4.7774658203125,18.875,5.550000190734863,20.1299991607666,6.3333330154418945,18.764999389648438,5.483333110809326,19.959999084472656,6.233333110809326,31511800,113953440
2009-04-15 00:00:00+00:00,15.352418899536133,5.193521022796631,19.700000762939453,6.033332824707031,19.809999465942383,6.0833330154418945,18.364999771118164,5.233333110809326,18.530000686645508,5.300000190734863,23047200,73319640
2009-04-16 00:00:00+00:00,15.555032730102539,5.265256404876709,19.959999084472656,6.116666793823242,20.229999542236328,6.349999904632568,19.225000381469727,5.733333110809326,19.954999923706055,6.183332920074463,22932000,100140720
2009-04-17 00:00:00+00:00,15.687520027160645,5.437416076660156,20.1299991607666,6.316667079925537,20.489999771118164,6.5,19.5,5.883333206176758,19.764999389648438,6.066667079925537,24385000,88828620
2009-04-20 00:00:00+00:00,14.093829154968262,4.318371295928955,18.084999084472656,5.016666889190674,19.385000228881836,5.816667079925537,18.030000686645508,4.966667175292969,19.325000762939453,5.766666889190674,27084600,86971200
2009-04-21 00:00:00+00:00,15.07186508178711,4.877893924713135,19.34000015258789,5.6666669845581055,19.399999618530273,5.699999809265137,17.309999465942383,4.566667079925537,17.325000762939453,4.566667079925537,38901400,46287540
2009-04-22 00:00:00+00:00,14.61987018585205,4.576613426208496,18.760000228881836,5.316667079925537,19.770000457763672,5.933332920074463,18.690000534057617,5.283332824707031,18.700000762939453,5.300000190734863,34461200,105761160
2009-04-23 00:00:00+00:00,15.14200496673584,4.906587600708008,19.43000030517578,5.699999809265137,19.540000915527344,5.766666889190674,18.655000686645508,5.266666889190674,19.0,5.483333110809326,26197800,73001700
2009-04-24 00:00:00+00:00,15.449824333190918,5.136135578155518,19.825000762939453,5.966667175292969,20.225000381469727,6.199999809265137,19.219999313354492,5.5833330154418945,19.450000762939453,5.733333110809326,42264000,122085180
2009-04-27 00:00:00+00:00,15.087451934814453,4.892240047454834,19.360000610351562,5.683332920074463,19.834999084472656,5.966667175292969,19.15999984741211,5.550000190734863,19.34000015258789,5.6666669845581055,22891800,63952800
2009-04-28 00:00:00+00:00,14.880934715270996,4.748773097991943,19.094999313354492,5.516666889190674,19.454999923706055,5.733333110809326,18.809999465942383,5.349999904632568,18.8799991607666,5.366666793823242,18395400,47445540
2009-04-29 00:00:00+00:00,15.403069496154785,5.1074442863464355,19.764999389648438,5.933332920074463,20.010000228881836,6.050000190734863,19.299999237060547,5.633333206176758,19.31999969482422,5.650000095367432,25212200,57597960
2009-04-30 00:00:00+00:00,15.379695892333984,5.064403533935547,19.735000610351562,5.883333206176758,20.354999542236328,6.25,19.674999237060547,5.849999904632568,20.184999465942383,6.150000095367432,19069800,58039920
2009-05-01 00:00:00+00:00,15.180970191955566,4.906587600708008,19.479999542236328,5.699999809265137,19.864999771118164,5.966667175292969,19.329999923706055,5.633333206176758,19.639999389648438,5.8333330154418945,14351600,34631100
2009-05-04 00:00:00+00:00,16.513591766357422,5.781740665435791,21.190000534057617,6.716667175292969,21.219999313354492,6.733333110809326,19.65999984741211,5.8333330154418945,19.65999984741211,5.8333330154418945,22665000,66151080
2009-05-05 00:00:00+00:00,16.2875919342041,5.609579086303711,20.899999618530273,6.516666889190674,21.209999084472656,6.733333110809326,20.709999084472656,6.400000095367432,20.850000381469727,6.5,17822200,52625040
2009-05-06 00:00:00+00:00,17.312381744384766,6.3269147872924805,22.21500015258789,7.349999904632568,22.334999084472656,7.433332920074463,21.239999771118164,6.75,21.329999923706055,6.800000190734863,32805000,97712340
2009-05-07 00:00:00+00:00,16.848690032958984,5.996940612792969,21.6200008392334,6.966667175292969,23.09000015258789,7.933332920074463,21.290000915527344,6.733333110809326,23.06999969482422,7.933332920074463,26571400,115087740
2009-05-08 00:00:00+00:00,17.928037643432617,6.800358772277832,23.0049991607666,7.900000095367432,23.1299991607666,7.933332920074463,21.739999771118164,7.033332824707031,22.024999618530273,7.233333110809326,29143800,83755860
2009-05-11 00:00:00+00:00,17.051315307617188,6.083022117614746,21.8799991607666,7.066667079925537,22.645000457763672,7.599999904632568,21.764999389648438,6.983333110809326,22.299999237060547,7.366666793823242,19803200,64531440
2009-05-12 00:00:00+00:00,16.74738311767578,5.925206661224365,21.489999771118164,6.883333206176758,22.094999313354492,7.216667175292969,20.829999923706055,6.383333206176758,22.065000534057617,7.199999809265137,17312400,74950140
2009-05-13 00:00:00+00:00,15.909619331359863,5.279605388641357,20.415000915527344,6.133333206176758,21.020000457763672,6.533332824707031,20.260000228881836,6.050000190734863,20.899999618530273,6.449999809265137,20135200,56769840
2009-05-14 00:00:00+00:00,16.451242446899414,5.595232963562012,21.110000610351562,6.5,21.165000915527344,6.5833330154418945,20.21500015258789,6.0,20.235000610351562,6.033332824707031,15495800,53529120
2009-05-15 00:00:00+00:00,16.077167510986328,5.380030155181885,20.6299991607666,6.25,21.170000076293945,6.5833330154418945,20.415000915527344,6.116666793823242,20.989999771118164,6.466667175292969,16248400,40824420
2009-05-18 00:00:00+00:00,17.020139694213867,6.025634765625,21.84000015258789,7.0,21.975000381469727,7.066667079925537,20.969999313354492,6.449999809265137,21.065000534057617,6.5,13757800,51127380
2009-05-19 00:00:00+00:00,16.688934326171875,5.767393112182617,21.415000915527344,6.699999809265137,22.110000610351562,7.1666669845581055,21.334999084472656,6.650000095367432,21.864999771118164,7.0,15343800,53204700
2009-05-20 00:00:00+00:00,16.322656631469727,5.509152412414551,20.94499969482422,6.400000095367432,21.950000762939453,7.050000190734863,20.774999618530273,6.300000190734863,21.834999084472656,6.966667175292969,18582600,55106160
2009-05-21 00:00:00+00:00,16.268108367919922,5.509152412414551,20.875,6.400000095367432,21.110000610351562,6.516666889190674,20.559999465942383,6.1666669845581055,20.6200008392334,6.216667175292969,14308200,46652880
2009-05-22 00:00:00+00:00,16.147310256958008,5.423069477081299,20.719999313354492,6.300000190734863,21.110000610351562,6.5,20.69499969482422,6.25,21.06999969482422,6.5,9780800,27243360
2009-05-26 00:00:00+00:00,16.755178451538086,5.810432434082031,21.5,6.75,21.514999389648438,6.75,20.4950008392334,6.133333206176758,20.514999389648438,6.133333206176758,17717200,48537840
2009-05-27 00:00:00+00:00,16.205759048461914,5.437416076660156,20.795000076293945,6.316667079925537,21.639999389648438,6.8333330154418945,20.739999771118164,6.25,21.59000015258789,6.816667079925537,12470600,41610720
2009-05-28 00:00:00+00:00,16.60321044921875,5.595232963562012,21.30500030517578,6.5,21.354999542236328,6.633333206176758,20.6200008392334,6.183332920074463,20.975000381469727,6.4166669845581055,13685800,42005400
2009-05-29 00:00:00+00:00,16.988956451416016,5.89651346206665,21.799999237060547,6.849999904632568,21.799999237060547,6.866666793823242,21.139999389648438,6.5,21.395000457763672,6.6666669845581055,13270800,31577460
2009-06-01 00:00:00+00:00,17.18768882751465,6.126062393188477,22.05500030517578,7.116666793823242,22.344999313354492,7.25,21.760000228881836,6.883333206176758,21.954999923706055,7.016666889190674,18110200,55000980
2009-06-02 00:00:00+00:00,16.992862701416016,5.910861015319824,21.80500030517578,6.866666793823242,21.934999465942383,7.0,21.6200008392334,6.783332824707031,21.864999771118164,6.949999809265137,13531600,29248200
2009-06-03 00:00:00+00:00,16.790245056152344,5.781740665435791,21.545000076293945,6.716667175292969,21.735000610351562,6.866666793823242,21.299999237060547,6.5833330154418945,21.584999084472656,6.766666889190674,10842200,29065740
2009-06-04 00:00:00+00:00,17.25782585144043,6.111715793609619,22.145000457763672,7.099999904632568,22.204999923706055,7.150000095367432,21.604999542236328,6.783332824707031,21.68000030517578,6.8333330154418945,11672800,30653520
2009-06-05 00:00:00+00:00,17.160417556762695,6.054328441619873,22.020000457763672,7.033332824707031,22.510000228881836,7.366666793823242,21.850000381469727,6.9166669845581055,22.454999923706055,7.316667079925537,13981600,32311620
2009-06-08 00:00:00+00:00,17.234451293945312,6.111715793609619,22.114999771118164,7.099999904632568,22.299999237060547,7.216667175292969,21.770000457763672,6.866666793823242,21.829999923706055,6.9166669845581055,12924000,22293420
2009-06-09 00:00:00+00:00,17.312381744384766,6.154753684997559,22.21500015258789,7.150000095367432,22.270000457763672,7.199999809265137,22.0049991607666,7.016666889190674,22.184999465942383,7.150000095367432,10341800,20069460
2009-06-10 00:00:00+00:00,17.113656997680664,6.011287689208984,21.959999084472656,6.983333110809326,22.344999313354492,7.25,21.690000534057617,6.816667079925537,22.329999923706055,7.25,11974400,27277140
2009-06-11 00:00:00+00:00,17.113656997680664,6.054328441619873,21.959999084472656,7.033332824707031,22.334999084472656,7.233333110809326,21.90999984741211,6.966667175292969,21.975000381469727,7.0,12025000,28246380
2009-06-12 00:00:00+00:00,17.277313232421875,6.140407085418701,22.170000076293945,7.133333206176758,22.18000030517578,7.133333206176758,21.940000534057617,6.983333110809326,22.040000915527344,7.050000190734863,7769600,13792200
2009-06-15 00:00:00+00:00,16.83310317993164,5.781740665435791,21.600000381469727,6.716667175292969,21.975000381469727,7.016666889190674,21.514999389648438,6.699999809265137,21.950000762939453,6.983333110809326,9584800,23223240
2009-06-16 00:00:00+00:00,16.536964416503906,5.609579086303711,21.219999313354492,6.516666889190674,21.684999465942383,6.816667079925537,21.155000686645508,6.483333110809326,21.645000457763672,6.800000190734863,9758000,25920900
2009-06-17 00:00:00+00:00,16.17848777770996,5.35133695602417,20.760000228881836,6.216667175292969,21.184999465942383,6.5,20.559999465942383,6.116666793823242,21.100000381469727,6.449999809265137,17314600,35418660
2009-06-18 00:00:00+00:00,16.505786895751953,5.552191257476807,21.18000030517578,6.449999809265137,21.209999084472656,6.516666889190674,20.764999389648438,6.233333110809326,20.78499984741211,6.266666889190674,9762600,21155820
2009-06-19 00:00:00+00:00,16.743486404418945,5.738698959350586,21.485000610351562,6.6666669845581055,21.530000686645508,6.699999809265137,21.114999771118164,6.449999809265137,21.334999084472656,6.5833330154418945,8729200,19728420
2009-06-22 00:00:00+00:00,15.894036293029785,5.136135578155518,20.395000457763672,5.966667175292969,21.315000534057617,6.566667079925537,20.309999465942383,5.966667175292969,21.200000762939453,6.5,9728200,32695500
2009-06-23 00:00:00+00:00,15.979758262634277,5.250910758972168,20.5049991607666,6.099999904632568,20.700000762939453,6.183332920074463,20.264999389648438,5.900000095367432,20.450000762939453,6.033332824707031,11253400,26006340
2009-06-24 00:00:00+00:00,16.190494537353516,5.353076934814453,20.704999923706055,6.199999809265137,20.969999313354492,6.366666793823242,20.540000915527344,6.099999904632568,20.729999542236328,6.216667175292969,10918400,27680100
2009-06-25 00:00:00+00:00,16.491548538208008,5.554538726806641,21.09000015258789,6.433332920074463,21.094999313354492,6.433332920074463,20.4950008392334,6.066667079925537,20.579999923706055,6.116666793823242,13327000,19287360
2009-06-26 00:00:00+00:00,16.59320640563965,5.626489162445068,21.219999313354492,6.516666889190674,21.315000534057617,6.566667079925537,20.934999465942383,6.3333330154418945,21.040000915527344,6.400000095367432,11376000,19007280
2009-06-29 00:00:00+00:00,16.753507614135742,5.7416090965271,21.424999237060547,6.650000095367432,21.4950008392334,6.6666669845581055,21.049999237060547,6.400000095367432,21.270000457763672,6.533332824707031,13746800,19195260
2009-06-30 00:00:00+00:00,16.663589477539062,5.554538726806641,21.309999465942383,6.433332920074463,21.510000228881836,6.683332920074463,21.135000228881836,6.433332920074463,21.46500015258789,6.6666669845581055,8063000,21132660
2009-07-01 00:00:00+00:00,16.601028442382812,5.61209774017334,21.229999542236328,6.5,21.440000534057617,6.650000095367432,21.219999313354492,6.5,21.334999084472656,6.5833330154418945,5203200,12965940
2009-07-02 00:00:00+00:00,16.049753189086914,5.25234842300415,20.524999618530273,6.0833330154418945,21.010000228881836,6.383333206176758,20.514999389648438,6.066667079925537,21.010000228881836,6.383333206176758,6335800,24394260
2009-07-06 00:00:00+00:00,16.04583740234375,5.266738414764404,20.520000457763672,6.099999904632568,20.584999084472656,6.116666793823242,20.18000030517578,5.866666793823242,20.334999084472656,5.966667175292969,9302400,23971440
2009-07-07 00:00:00+00:00,15.795614242553711,5.079668045043945,20.200000762939453,5.883333206176758,20.594999313354492,6.116666793823242,20.165000915527344,5.849999904632568,20.55500030517578,6.099999904632568,9255600,19152180
2009-07-08 00:00:00+00:00,15.541476249694824,4.906989097595215,19.875,5.683332920074463,20.299999237060547,5.933332920074463,19.475000381469727,5.449999809265137,20.264999389648438,5.9166669845581055,11213000,37591200
2009-07-09 00:00:00+00:00,15.74087142944336,5.036498069763184,20.1299991607666,5.8333330154418945,20.315000534057617,5.949999809265137,19.989999771118164,5.75,20.155000686645508,5.866666793823242,7926200,20054460
2009-07-10 00:00:00+00:00,15.553207397460938,4.921379089355469,19.889999389648438,5.699999809265137,20.024999618530273,5.783332824707031,19.780000686645508,5.633333206176758,19.959999084472656,5.716667175292969,7116400,18843780
2009-07-13 00:00:00+00:00,16.409452438354492,5.4825873374938965,20.985000610351562,6.349999904632568,21.024999618530273,6.349999904632568,20.139999389648438,5.8333330154418945,20.2450008392334,5.9166669845581055,11838800,34342500
2009-07-14 00:00:00+00:00,16.413360595703125,5.439419269561768,20.989999771118164,6.300000190734863,21.065000534057617,6.383333206176758,20.709999084472656,6.150000095367432,21.059999465942383,6.366666793823242,11060400,28774380
2009-07-15 00:00:00+00:00,17.011554718017578,5.856728553771973,21.7549991607666,6.783332824707031,21.975000381469727,6.9166669845581055,21.209999084472656,6.466667175292969,21.229999542236328,6.483333110809326,12007000,41505420
2009-07-16 00:00:00+00:00,17.050657272338867,5.885509014129639,21.80500030517578,6.816667079925537,21.950000762939453,6.900000095367432,21.434999465942383,6.5833330154418945,21.59000015258789,6.683332920074463,9782400,27251280
2009-07-17 00:00:00+00:00,16.9060001373291,5.784778594970703,21.6200008392334,6.699999809265137,21.850000381469727,6.849999904632568,21.5,6.616666793823242,21.78499984741211,6.816667079925537,8744000,20569740
2009-07-20 00:00:00+00:00,17.046741485595703,5.885509014129639,21.799999237060547,6.816667079925537,21.885000228881836,6.866666793823242,21.68000030517578,6.733333110809326,21.7450008392334,6.783332824707031,10207800,22066080
2009-07-21 00:00:00+00:00,16.96855354309082,5.827949047088623,21.700000762939453,6.75,21.899999618530273,6.866666793823242,21.450000762939453,6.5833330154418945,21.81999969482422,6.8333330154418945,9186000,21872160
2009-07-22 00:00:00+00:00,16.964635848999023,5.813559055328369,21.69499969482422,6.733333110809326,21.860000610351562,6.849999904632568,21.299999237060547,6.5,21.329999923706055,6.516666889190674,9238400,26702760
2009-07-23 00:00:00+00:00,17.437734603881836,6.130137920379639,22.299999237060547,7.099999904632568,22.399999618530273,7.199999809265137,21.625,6.699999809265137,21.709999084472656,6.75,12739200,36124740
2009-07-24 00:00:00+00:00,17.425996780395508,6.115747451782227,22.28499984741211,7.0833330154418945,22.329999923706055,7.150000095367432,21.975000381469727,6.9166669845581055,22.104999542236328,6.983333110809326,6951800,19979940
2009-07-27 00:00:00+00:00,17.687952041625977,6.302818298339844,22.6200008392334,7.300000190734863,22.625,7.316667079925537,22.204999923706055,7.050000190734863,22.280000686645508,7.116666793823242,9903800,19906140
2009-07-28 00:00:00+00:00,17.621482849121094,6.25964879989624,22.53499984741211,7.25,22.604999542236328,7.316667079925537,22.354999542236328,7.150000095367432,22.405000686645508,7.199999809265137,7809400,18816540
2009-07-29 00:00:00+00:00,17.582393646240234,6.2308669090271,22.485000610351562,7.216667175292969,22.584999084472656,7.300000190734863,22.334999084472656,7.133333206176758,22.395000457763672,7.183332920074463,7521400,17677020
2009-07-30 00:00:00+00:00,17.946001052856445,6.489887714385986,22.950000762939453,7.516666889190674,23.225000381469727,7.716667175292969,22.684999465942383,7.349999904632568,22.704999923706055,7.366666793823242,11694400,31714980
2009-07-31 00:00:00+00:00,18.07502555847168,6.605009078979492,23.114999771118164,7.650000095367432,23.190000534057617,7.699999809265137,22.850000381469727,7.466667175292969,22.94499969482422,7.533332824707031,8445000,20118000
